year,region,firms,turnover_k_eur,value_added_k_eur,employed
2021,Eastern Macedonia and Thrace,11196,3278190,287271,27514
2021,Central Macedonia,42112,18447567,2279076,137271
2021,Western Macedonia,5080,1203267,100384,10738
2021,Epirus,6021,2074392,158514,15800
2021,Thessaly,14488,4100753,330327,32798
2021,Central Greece,10305,2842266,220061,23422
2021,Ionian Islands,5661,1535722,150915,15014
2021,Western Greece,13112,3886049,290703,32208
2021,Peloponnese,11584,3693484,294545,29280
2021,Attica,76444,81997598,10918381,392699
2021,North Aegean,4277,1137322,99660,9909
2021,South Aegean,9590,2929136,330331,26037
2021,Crete,14217,5423084,615780,43846
2022,Eastern Macedonia and Thrace,11266,3751472,324700,27965
2022,Central Macedonia,42579,22065912,2632559,139864
2022,Western Macedonia,5085,1369306,123079,10748
2022,Epirus,6026,2416687,194109,16103
2022,Thessaly,14554,4768837,408715,33037
2022,Central Greece,10345,3320312,-676018,23455
2022,Ionian Islands,5710,2004331,-123510,16024
2022,Western Greece,13107,4434247,301051,32023
2022,Peloponnese,11737,4302690,361988,29164
2022,Attica,77345,100089138,11965707,399600
2022,North Aegean,4247,1228312,105564,9723
2022,South Aegean,9762,3996777,518600,27870
2022,Crete,14246,6413617,736987,45564
2023,Eastern Macedonia and Thrace,11087,3858772,379163,28040
2023,Central Macedonia,42073,22390628,2967758,142637
2023,Western Macedonia,4977,1426132,137573,10875
2023,Epirus,5904,2428320,214878,15918
2023,Thessaly,14301,4922280,446209,33024
2023,Central Greece,10209,3424179,323482,23818
2023,Ionian Islands,5612,2173415,252006,16734
2023,Western Greece,13016,4784200,423332,32718
2023,Peloponnese,11542,4611168,438207,29396
2023,Attica,76332,100184234,13484542,414532
2023,North Aegean,4150,1304342,120324,9681
2023,South Aegean,9652,4275818,571130,29195
2023,Crete,14144,7179842,872967,46969
